{"_runtime": 259, "_timestamp": 1641318108, "conf_table": {"_type": "table-file", "path": "media/table/conf_table_102_64d53b227faa1d9af28f.table.json", "sha256": "64d53b227faa1d9af28f0039b25e56adeb64e665247c693173315a44082c2d85", "size": 182, "artifact_path": "wandb-client-artifact://244ulfvil608qk7ykevdbpb14qdp5cdmn4vn78h9p8u8ijfepspqzz28yosmghxv384yco54ef2j1u0xekqwlipyqyrpcr0z8jxecedkobddn5z3chdflsn8kpygvxve:latest/conf_table.table.json", "_latest_artifact_path": "wandb-client-artifact://244ulfvil608qk7ykevdbpb14qdp5cdmn4vn78h9p8u8ijfepspqzz28yosmghxv384yco54ef2j1u0xekqwlipyqyrpcr0z8jxecedkobddn5z3chdflsn8kpygvxve:latest/conf_table.table.json", "ncols": 3, "nrows": 4}, "_step": 104, "examples": {"_type": "table-file", "path": "media/table/examples_103_91f6e347e7ecd02507aa.table.json", "sha256": "91f6e347e7ecd02507aaae308eae951941a1290f1e97d62b6d4de16dc22ad454", "size": 1253, "artifact_path": "wandb-client-artifact://17gr1z98p69dglh51p2qgrz3cl9kzzhs8p927nv5rh3bqh9c08og9gxqj1ow0smu53ysxvfjkiuw3m066lnd20op7ktuxszdi7e56oj1sjgf1tndn84hae37a9z8wf4g:latest/examples.table.json", "_latest_artifact_path": "wandb-client-artifact://17gr1z98p69dglh51p2qgrz3cl9kzzhs8p927nv5rh3bqh9c08og9gxqj1ow0smu53ysxvfjkiuw3m066lnd20op7ktuxszdi7e56oj1sjgf1tndn84hae37a9z8wf4g:latest/examples.table.json", "ncols": 3, "nrows": 20}, "global_step": 401, "train/loss_step": 0.4842521846294403, "train/acc_step": 0.828125, "epoch": 2, "trainer/global_step": 401, "train/loss_epoch": 0.6055927872657776, "train/acc_epoch": 0.7043620347976685, "valid/loss_step/epoch_0": 0.4783109724521637, "valid/loss_epoch": 0.6203553676605225, "valid/acc": 0.6912751793861389, "valid/precision_macro": 0.34563758969306946, "valid/recall_macro": 0.5, "valid/precision_micro": 0.6912751793861389, "valid/recall_micro": 0.6912751793861389, "valid/f1": 0.6912751793861389, "valid/loss_step/epoch_1": 0.48837441205978394, "valid/loss_step/epoch_2": 0.47379449009895325, "_wandb": {"runtime": 260}}