{"_runtime": 77, "_timestamp": 1641316378, "conf_table": {"_type": "table-file", "path": "media/table/conf_table_33_64d53b227faa1d9af28f.table.json", "sha256": "64d53b227faa1d9af28f0039b25e56adeb64e665247c693173315a44082c2d85", "size": 182, "artifact_path": "wandb-client-artifact://11pf460qy2gfgi9kb0rx6pep90de1vtrrupcym734jz7czs2006muyf7a4evp32et5mxvn9s0xiqwbrrj3k050y3exp2inqz2jkvasakewc52pcaibf8k3w52hr2k15p:latest/conf_table.table.json", "_latest_artifact_path": "wandb-client-artifact://11pf460qy2gfgi9kb0rx6pep90de1vtrrupcym734jz7czs2006muyf7a4evp32et5mxvn9s0xiqwbrrj3k050y3exp2inqz2jkvasakewc52pcaibf8k3w52hr2k15p:latest/conf_table.table.json", "ncols": 3, "nrows": 4}, "_step": 35, "examples": {"_type": "table-file", "path": "media/table/examples_34_91f6e347e7ecd02507aa.table.json", "sha256": "91f6e347e7ecd02507aaae308eae951941a1290f1e97d62b6d4de16dc22ad454", "size": 1253, "artifact_path": "wandb-client-artifact://ty7xe2bnsvt3mij9r2mj6ij5azza5lsigkexydva3p5r2rlkr0wbiox4r6on28o3bp8m0zsc39ich3vma5a9g6sdczrukdj3xnu7o77h193kd5hvc02t6oe5279i8q0h:latest/examples.table.json", "_latest_artifact_path": "wandb-client-artifact://ty7xe2bnsvt3mij9r2mj6ij5azza5lsigkexydva3p5r2rlkr0wbiox4r6on28o3bp8m0zsc39ich3vma5a9g6sdczrukdj3xnu7o77h193kd5hvc02t6oe5279i8q0h:latest/examples.table.json", "ncols": 3, "nrows": 20}, "global_step": 133, "train/loss_step": 0.5632611513137817, "train/acc_step": 0.75, "epoch": 0, "trainer/global_step": 133, "train/loss_epoch": 0.6133860945701599, "train/acc_epoch": 0.7042450904846191, "valid/loss_step/epoch_0": 0.4844975173473358, "valid/loss_epoch": 0.6179448366165161, "valid/acc": 0.6912751793861389, "valid/precision_macro": 0.34563758969306946, "valid/recall_macro": 0.5, "valid/precision_micro": 0.6912751793861389, "valid/recall_micro": 0.6912751793861389, "valid/f1": 0.6912751793861389, "_wandb": {"runtime": 78}}